ID,First_Name,Last_Name,City,Country,Birthdate,Gender
1000,Sonia,Byers,Ancaster Town,Namibia,11/28/1981,Male
1001,Dawn,Callahan,Purral,Luxembourg,03/06/1986,Male
1002,Leah,Wade,Virginia Beach,Guyana,02/01/1951,Female
1003,Jaime,Morris,Hemel Hempstead,Moldova,08/05/1966,Male
1004,Paul,Cruz,LamontzŽe,Nepal,12/11/1961,Male
1005,Hashim,Daniels,Baidyabati,Mauritania,10/17/1971,Female
1006,Neve,Hebert,La Tebaida,Mauritania,03/30/1975,Female
1007,Sarah,Knox,Rouyn-Noranda,Lesotho,11/27/2001,Male
1008,Luke,Brady,Rabbi,Cape Verde,07/01/1968,Female
1009,Orla,Morse,Barchi,Bouvet Island,05/03/1965,Male
1010,Pearl,Bray,Ranchi,Bangladesh,12/05/1963,Female
1011,Simone,Harris,Auckland,Pakistan,07/28/1975,Male
1012,Walker,Hopper,Ham-sur-Sambre,Jamaica,05/13/1945,Male
1013,Haley,Rowe,Itajaí,Ghana,07/12/1957,Male
1014,Shoshana,Hines,Merrickville-Wolford,United States Minor Outlying Islands,12/29/1976,Male
1015,Holmes,Cervantes,Olympia,Switzerland,05/19/1971,Female
1016,Piper,Booth,Rengo,"Saint Helena, Ascension and Tristan da Cunha",03/23/1953,Male
1017,Elmo,Savage,Pievepelago,Sweden,11/26/1963,Female
1018,Noah,Kline,Campos dos Goytacazes,Reunion,04/01/1968,Male
1019,Damon,Battle,Spermalie,Gambia,04/03/1969,Female
1020,Alexander,Jones,Madison,Malawi,06/09/1944,Male
1021,Ria,Vargas,Montpellier,Åland Islands,12/13/1966,Male
1022,Fuller,Sawyer,Offenburg,New Zealand,08/19/1943,Female
1023,Elton,Reynolds,Miraflores,Tokelau,05/23/1981,Male
1024,Craig,Cruz,Kasur,United Kingdom (Great Britain),06/06/1965,Male
1025,Rylee,Fox,Melville,Malta,06/03/1950,Male
1026,Cecilia,Norman,Marcq-en-Baroeul,Myanmar,10/04/1981,Female
1027,Dante,Morton,Colwood,Chile,11/03/2003,Female
1028,Tashya,Price,Mojokerto,Guadeloupe,02/23/1979,Male
1029,Simone,Perkins,Gonnosnò,Nicaragua,07/11/1952,Female
1030,Blaine,Patterson,Mundare,Angola,02/14/1953,Female
1031,Juliet,Chavez,Stockerau,Macao,09/25/1942,Female
1032,Vincent,Nixon,Halberstadt,"Korea, South",04/11/1953,Male
1033,Hiram,Fischer,New Glasgow,Slovenia,10/19/1962,Male
1034,Price,Sandoval,Santo Domingo,Gabon,03/03/1982,Female
1035,Irene,Doyle,Manokwari,Northern Mariana Islands,04/10/1985,Male
1036,Eugenia,Bonner,Carson City,Cuba,11/14/1984,Male
1037,Germane,Wilcox,Magadan,Indonesia,09/02/1971,Male
1038,Marcia,Giles,Kohat,Qatar,04/05/1988,Male
1039,Isabelle,Bennett,Oldenburg,Zimbabwe,10/17/1955,Female
1040,May,Perez,Rattray,India,12/08/1947,Male
1041,Kadeem,Nelson,Ockelbo,Macao,02/21/1989,Male
1042,Octavius,Boyd,Zwickau,Nauru,05/10/1983,Male
1043,Phelan,Mcmahon,Hangu,United Kingdom (Great Britain),12/22/1959,Female
1044,Fredericka,Mercado,Monte Vidon Corrado,Israel,08/29/2003,Female
1045,Chandler,Sweet,Sooke,Qatar,05/19/1971,Male
1046,Blake,Peterson,Hull,Tonga,05/21/1987,Male
1047,Arthur,Hood,Szczecin,Honduras,06/19/1994,Male
1048,Emma,Alvarado,General Lagos,"Virgin Islands, United States",02/10/1953,Female
1049,Jakeem,Carter,Curarrehue,Namibia,04/10/1959,Female
1050,Ayanna,Moran,Doel,Paraguay,05/23/1970,Female
1051,Xerxes,Brock,Lansing,Turkey,02/16/1990,Male
1052,Tyrone,Todd,Dingwall,Benin,11/12/1984,Male
1053,Ivan,Wells,San Ramón,Uganda,03/18/1946,Female
1054,Frances,Glenn,Pfungstadt,Estonia,09/14/1974,Male
1055,Samantha,Branch,Stralsund,Mayotte,11/17/1942,Female
1056,Conan,Dalton,Tulita,Holy See (Vatican City State),03/05/1971,Female
1057,Mia,Scott,Raurkela,Western Sahara,09/08/1963,Male
1058,Echo,Pruitt,Attigliano,Peru,09/01/1984,Male
1059,Reagan,Cobb,Kolomna,Austria,01/09/1960,Male
1060,Jenette,Thornton,São José,Trinidad and Tobago,04/27/1943,Female
1061,Boris,Lang,Bad Oldesloe,Norfolk Island,10/13/1991,Male
1062,Nola,Allen,Bello,Côte D'Ivoire (Ivory Coast),10/15/1949,Female
1063,Flavia,Harding,Teodoro Schmidt,Holy See (Vatican City State),06/22/1999,Female
1064,Avram,Figueroa,Lanark County,Puerto Rico,10/22/1972,Female
1065,Donovan,Atkins,StrŽe,Sri Lanka,11/13/1962,Male
1066,Iliana,Cunningham,Lac-Serent,Benin,04/17/1967,Male
1067,Miranda,Oneill,Fort McPherson,Lithuania,06/11/1962,Female
1068,Ivor,Pearson,Polatlı,Peru,05/14/1996,Male
1069,Wilma,Foster,Santa Juana,Sint Maarten,06/09/1953,Female
1070,Carolyn,Best,High Level,Djibouti,01/16/1951,Male
1071,Whitney,Benson,Wolvertem,Thailand,02/24/1951,Female
1072,Thor,Ayers,Casalbuono,Jordan,02/26/2001,Female
1073,Ginger,Wood,Glendale,Mexico,04/07/1950,Female
1074,Lilah,Lowery,Tambov,Nauru,09/23/1985,Female
1075,Rachel,Howe,Lincoln,Bouvet Island,10/25/1974,Male
1076,Devin,Haney,Maracanaú,Western Sahara,07/04/1996,Female
1077,Moses,Allison,Vlissegem,Tanzania,11/22/1978,Female
1078,Benjamin,Ellison,Kearny,Tonga,07/14/1945,Female
1079,Summer,Odonnell,Whitewater Region Township,Nepal,05/24/1965,Female
1080,Graiden,Valdez,Zwolle,Costa Rica,11/30/1989,Female
1081,Linda,Morse,Kozan,Tanzania,09/29/1975,Male
1082,Shad,Reid,Stokkem,Sweden,07/11/1959,Male
1083,Dai,Kent,Chepén,"Virgin Islands, British",03/06/1993,Male
1084,Madeson,Dickerson,Scarborough,Gabon,11/08/1950,Male
1085,Hop,Mathis,Jaén,Cayman Islands,09/07/1977,Female
1086,Mohammad,Medina,Essex,Monaco,11/06/1941,Female
1087,Giacomo,Vega,Beauport,Macao,03/19/1962,Male
1088,Jin,Malone,Pangnirtung,South Africa,03/20/2002,Female
1089,Boris,Hayes,Ryazan,United Arab Emirates,10/09/1966,Female
1090,Karly,Garner,Halifax,Malta,03/17/1973,Male
1091,Macaulay,Collins,Padang,Gibraltar,01/03/2003,Female
1092,Maile,Morton,Dolgellau,France,07/22/1943,Male
1093,Preston,Holmes,Guarulhos,Saint Lucia,03/15/1981,Male
1094,Elijah,Fitzgerald,Valley East,Comoros,08/06/1984,Female
1095,Marshall,Mayer,Mansehra,Eritrea,06/17/1975,Female
1096,Driscoll,Barker,Pickering,San Marino,08/13/1976,Female
1097,Hunter,Cochran,Viano,"Bonaire, Sint Eustatius and Saba",08/27/1995,Male
1098,Gregory,Valenzuela,Aubange,Jersey,12/26/1960,Female
1099,Yoko,Steele,Cisano Bergamasco,American Samoa,03/02/1942,Female
